Date,Transaction ID,Product Category,Quantity,Price per Unit,Total Amount
2023-11-24,1,Beauty,3,50,150
2023-02-27,2,Clothing,2,500,1000
2023-01-13,3,Electronics,1,30,30
2023-05-21,4,Clothing,1,500,500
2023-05-06,5,Beauty,2,50,100
2023-04-25,6,Beauty,1,30,30
2023-03-13,7,Clothing,2,25,50
2023-02-22,8,Electronics,4,25,100
2023-12-13,9,Electronics,2,300,600
2023-10-07,10,Clothing,4,50,200
2023-02-14,11,Clothing,2,50,100
2023-10-30,12,Beauty,3,25,75
2023-08-05,13,Electronics,3,500,1500
2023-01-17,14,Clothing,4,30,120
2023-01-16,15,Electronics,4,500,2000
2023-02-17,16,Clothing,3,500,1500
2023-04-22,17,Clothing,4,25,100
2023-04-30,18,Electronics,2,25,50
2023-09-16,19,Clothing,2,25,50
2023-11-05,20,Clothing,3,300,900
2023-01-14,21,Beauty,1,500,500
2023-10-15,22,Clothing,2,50,100
2023-04-12,23,Clothing,4,30,120
2023-11-29,24,Clothing,1,300,300
2023-12-26,25,Beauty,1,50,50
2023-10-07,26,Electronics,2,500,1000
2023-08-03,27,Beauty,2,25,50
2023-04-23,28,Beauty,1,500,500
2023-08-18,29,Electronics,1,30,30
2023-10-29,30,Beauty,3,300,900
2023-05-23,31,Electronics,4,300,1200
2023-01-04,32,Beauty,3,30,90
2023-03-23,33,Electronics,2,50,100
2023-12-24,34,Clothing,3,50,150
2023-08-05,35,Beauty,3,300,900
2023-06-24,36,Beauty,3,300,900
2023-05-23,37,Beauty,3,25,75
2023-03-21,38,Beauty,4,50,200
2023-04-21,39,Clothing,4,30,120
2023-06-22,40,Beauty,1,50,50
2023-02-22,41,Clothing,2,25,50
2023-02-17,42,Clothing,3,300,900
2023-07-14,43,Clothing,1,300,300
2023-02-19,44,Clothing,1,25,25
2023-07-03,45,Electronics,1,30,30
2023-06-26,46,Electronics,4,300,1200
2023-11-06,47,Beauty,3,500,1500
2023-05-16,48,Electronics,3,300,900
2023-01-23,49,Electronics,2,500,1000
2023-08-24,50,Beauty,3,25,75
2023-10-02,51,Beauty,3,25,75
2023-03-05,52,Beauty,1,300,300
2023-07-13,53,Electronics,2,50,100
2023-02-10,54,Electronics,3,500,1500
2023-10-10,55,Beauty,4,30,120
2023-05-31,56,Clothing,3,300,900
2023-11-18,57,Beauty,1,30,30
2023-11-13,58,Clothing,4,300,1200
2023-07-05,59,Clothing,1,50,50
2023-10-23,60,Beauty,3,50,150
2023-04-09,61,Beauty,4,50,200
2023-12-27,62,Beauty,2,50,100
2023-02-05,63,Electronics,2,25,50
2023-01-24,64,Clothing,4,25,100
2023-12-05,65,Electronics,4,500,2000
2023-04-27,66,Electronics,1,30,30
2023-05-29,67,Beauty,4,300,1200
2023-02-10,68,Electronics,1,300,300
2023-04-30,69,Beauty,3,25,75
2023-02-21,70,Clothing,1,300,300
2023-07-14,71,Beauty,4,25,100
2023-05-23,72,Electronics,4,500,2000
2023-08-21,73,Electronics,3,30,90
2023-11-22,74,Beauty,4,500,2000
2023-07-06,75,Beauty,4,50,200
2023-03-25,76,Electronics,2,50,100
2023-07-09,77,Clothing,2,50,100
2023-07-01,78,Clothing,3,500,1500
2023-04-18,79,Beauty,1,300,300
2023-12-10,80,Clothing,2,30,60
2023-05-17,81,Electronics,1,50,50
2023-12-26,82,Beauty,4,50,200
2023-12-16,83,Electronics,2,50,100
2023-11-28,84,Electronics,3,30,90
2023-02-06,85,Clothing,3,50,150
2023-11-08,86,Beauty,3,30,90
2023-11-22,87,Beauty,2,50,100
2023-03-29,88,Clothing,1,500,500
2023-10-01,89,Electronics,4,500,2000
2023-05-06,90,Electronics,1,30,30
2023-03-25,91,Electronics,1,500,500
2023-08-25,92,Electronics,4,30,120
2023-07-14,93,Beauty,4,500,2000
2023-05-19,94,Beauty,2,500,1000
2023-11-24,95,Clothing,2,30,60
2023-12-19,96,Clothing,2,300,600
2023-10-13,97,Beauty,2,500,1000
2023-04-23,98,Beauty,2,50,100
2023-12-17,99,Electronics,4,300,1200
2023-06-16,100,Electronics,1,30,30
2023-01-29,101,Clothing,2,300,600
2023-04-28,102,Beauty,2,25,50
2023-01-17,103,Clothing,1,25,25
2023-06-11,104,Beauty,2,500,1000
2023-07-25,105,Electronics,1,500,500
2023-05-18,106,Clothing,1,50,50
2023-02-03,107,Clothing,4,300,1200
2023-04-19,108,Beauty,3,25,75
2023-10-18,109,Electronics,4,500,2000
2023-06-11,110,Clothing,3,300,900
2023-04-19,111,Electronics,3,500,1500
2023-12-02,112,Clothing,3,500,1500
2023-09-13,113,Electronics,2,25,50
2023-07-22,114,Beauty,4,25,100
2023-11-26,115,Clothing,3,500,1500
2023-08-23,116,Clothing,1,30,30
2023-03-15,117,Electronics,2,500,1000
2023-05-16,118,Electronics,4,500,2000
2023-03-13,119,Clothing,3,50,150
2023-05-07,120,Beauty,1,50,50
2023-10-15,121,Electronics,4,50,200
2023-10-03,122,Electronics,4,30,120
2023-05-15,123,Electronics,2,30,60
2023-10-27,124,Clothing,4,500,2000
2023-08-08,125,Clothing,2,50,100
2023-10-26,126,Clothing,3,30,90
2023-07-24,127,Clothing,2,25,50
2023-07-05,128,Beauty,1,500,500
2023-04-23,129,Beauty,2,300,600
2023-03-12,130,Clothing,1,500,500
2023-09-18,131,Beauty,2,300,600
2023-09-10,132,Electronics,4,50,200
2023-02-16,133,Electronics,3,300,900
2023-01-25,134,Electronics,1,50,50
2023-02-26,135,Clothing,2,25,50
2023-03-20,136,Electronics,2,300,600
2023-11-18,137,Beauty,2,500,1000
2023-03-23,138,Clothing,4,50,200
2023-12-15,139,Beauty,4,500,2000
2023-08-05,140,Electronics,1,30,30
2023-11-02,141,Electronics,1,50,50
2023-02-02,142,Electronics,4,300,1200
2023-07-17,143,Clothing,1,50,50
2023-07-15,144,Beauty,3,500,1500
2023-11-02,145,Clothing,3,25,75
2023-08-28,146,Clothing,4,50,200
2023-09-28,147,Electronics,1,300,300
2023-05-09,148,Clothing,2,30,60
2023-10-11,149,Clothing,3,25,75
2023-01-06,150,Electronics,4,30,120
2023-12-15,151,Clothing,1,50,50
2023-02-28,152,Electronics,4,500,2000
2023-12-16,153,Electronics,2,500,1000
2023-10-02,154,Electronics,3,300,900
2023-05-17,155,Electronics,4,500,2000
2023-11-25,156,Clothing,4,25,100
2023-06-24,157,Electronics,4,500,2000
2023-02-27,158,Electronics,2,300,600
2023-05-31,159,Clothing,4,50,200
2023-08-11,160,Clothing,2,50,100
2023-03-22,161,Beauty,2,500,1000
2023-08-21,162,Clothing,2,30,60
2023-01-02,163,Clothing,3,50,150
2023-05-15,164,Beauty,3,500,1500
2023-09-14,165,Clothing,4,300,1200
2023-04-02,166,Clothing,4,500,2000
2023-09-17,167,Clothing,3,50,150
2023-02-24,168,Clothing,1,300,300
2023-11-17,169,Beauty,3,500,1500
2023-06-02,170,Clothing,2,25,50
2023-11-24,171,Clothing,3,300,900
2023-09-17,172,Beauty,2,25,50
2023-11-08,173,Electronics,4,30,120
2023-04-12,174,Beauty,1,300,300
2023-03-20,175,Electronics,4,25,100
2023-07-11,176,Beauty,2,50,100
2023-03-24,177,Beauty,2,50,100
2023-10-04,178,Clothing,2,30,60
2023-09-29,179,Electronics,1,300,300
2023-01-01,180,Clothing,3,300,900
2023-11-03,181,Electronics,4,300,1200
2023-06-15,182,Beauty,4,30,120
2023-09-08,183,Beauty,3,300,900
2023-01-10,184,Electronics,4,50,200
2023-02-27,185,Clothing,1,25,25
2023-07-05,186,Clothing,4,50,200
2023-06-07,187,Clothing,2,50,100
2023-05-03,188,Clothing,3,25,75
2023-01-30,189,Beauty,1,50,50
2023-05-04,190,Beauty,3,30,90
2023-10-18,191,Beauty,1,25,25
2023-02-10,192,Beauty,2,50,100
2023-02-13,193,Beauty,3,500,1500
2023-09-06,194,Clothing,4,50,200
2023-02-05,195,Clothing,1,30,30
2023-09-30,196,Clothing,3,300,900
2023-03-06,197,Clothing,4,50,200
2023-03-07,198,Beauty,3,300,900
2023-12-04,199,Beauty,3,500,1500
2023-09-01,200,Beauty,3,50,150
2023-10-09,201,Electronics,1,25,25
2023-03-26,202,Clothing,4,300,1200
2023-05-16,203,Clothing,2,500,1000
2023-09-28,204,Beauty,1,25,25
2023-11-07,205,Clothing,1,25,25
2023-08-05,206,Clothing,1,25,25
2023-04-19,207,Beauty,2,25,50
2023-10-04,208,Electronics,4,50,200
2023-12-20,209,Electronics,4,50,200
2023-04-13,210,Electronics,4,50,200
2024-01-01,211,Beauty,3,500,1500
2023-06-09,212,Clothing,3,500,1500
2023-07-24,213,Beauty,3,500,1500
2023-12-10,214,Beauty,2,30,60
2023-11-29,215,Clothing,3,500,1500
2023-07-11,216,Electronics,2,50,100
2023-08-13,217,Electronics,4,50,200
2023-09-22,218,Beauty,3,30,90
2023-08-20,219,Electronics,3,30,90
2023-03-03,220,Beauty,1,500,500
2023-05-07,221,Beauty,2,300,600
2023-04-26,222,Clothing,4,30,120
2023-02-02,223,Clothing,1,25,25
2023-06-23,224,Clothing,1,50,50
2023-01-11,225,Beauty,4,25,100
2023-10-29,226,Clothing,1,50,50
2023-10-11,227,Electronics,2,50,100
2023-04-28,228,Electronics,2,30,60
2023-10-29,229,Beauty,3,30,90
2023-04-23,230,Beauty,1,25,25
2023-01-04,231,Clothing,3,50,150
2023-02-06,232,Beauty,1,25,25
2023-12-29,233,Beauty,2,300,600
2023-11-20,234,Electronics,2,25,50
2023-01-31,235,Electronics,2,500,1000
2023-04-28,236,Clothing,1,25,25
2023-02-04,237,Beauty,2,500,1000
2023-01-17,238,Beauty,1,500,500
2023-06-19,239,Electronics,3,500,1500
2023-02-06,240,Beauty,1,300,300
2023-09-21,241,Electronics,3,25,75
2023-05-02,242,Clothing,1,25,25
2023-05-23,243,Electronics,3,300,900
2023-12-09,244,Beauty,2,50,100
2023-09-06,245,Clothing,3,30,90
2023-04-20,246,Electronics,2,25,50
2023-10-04,247,Electronics,2,30,60
2023-03-09,248,Clothing,3,300,900
2023-10-20,249,Clothing,1,50,50
2023-10-23,250,Electronics,1,50,50
2023-08-31,251,Beauty,4,50,200
2023-05-05,252,Electronics,1,300,300
2023-08-31,253,Clothing,4,500,2000
2023-07-28,254,Electronics,1,500,500
2023-04-08,255,Clothing,1,30,30
2023-02-18,256,Clothing,2,500,1000
2023-02-19,257,Beauty,4,500,2000
2023-12-04,258,Clothing,1,50,50
2023-08-09,259,Clothing,4,50,200
2023-07-01,260,Beauty,2,30,60
2023-08-05,261,Clothing,2,25,50
2023-07-30,262,Beauty,4,30,120
2023-08-28,263,Beauty,2,30,60
2023-01-28,264,Clothing,3,300,900
2023-12-11,265,Clothing,3,300,900
2023-12-01,266,Electronics,2,30,60
2023-11-27,267,Beauty,3,30,90
2023-02-20,268,Electronics,1,30,30
2023-02-01,269,Clothing,4,500,2000
2023-07-26,270,Electronics,1,300,300
2023-06-23,271,Beauty,4,30,120
2023-02-25,272,Electronics,2,50,100
2023-05-08,273,Beauty,1,50,50
2023-04-09,274,Clothing,2,500,1000
2023-04-08,275,Clothing,2,500,1000
2023-10-02,276,Beauty,4,25,100
2023-08-18,277,Clothing,4,25,100
2023-03-13,278,Clothing,4,25,100
2023-08-05,279,Clothing,1,500,500
2023-04-04,280,Clothing,3,500,1500
2023-05-23,281,Beauty,4,500,2000
2023-08-25,282,Electronics,4,50,200
2023-05-08,283,Electronics,1,500,500
2023-02-08,284,Clothing,4,50,200
2023-08-15,285,Electronics,1,25,25
2023-10-09,286,Electronics,2,25,50
2023-02-20,287,Clothing,4,25,100
2023-01-26,288,Clothing,4,30,120
2023-11-30,289,Electronics,2,30,60
2023-10-04,290,Beauty,2,300,600
2023-01-08,291,Clothing,2,300,600
2023-02-17,292,Beauty,4,300,1200
2023-05-02,293,Electronics,3,30,90
2023-03-27,294,Clothing,3,30,90
2023-07-28,295,Beauty,3,300,900
2023-09-06,296,Clothing,4,300,1200
2023-09-04,297,Electronics,2,500,1000
2023-04-20,298,Beauty,4,300,1200
2023-07-25,299,Electronics,2,500,1000
2023-01-31,300,Electronics,4,50,200
2023-03-26,301,Clothing,4,30,120
2023-07-14,302,Beauty,2,300,600
2023-01-02,303,Electronics,3,30,90
2023-07-19,304,Electronics,2,30,60
2023-05-16,305,Beauty,1,30,30
2023-08-21,306,Electronics,1,50,50
2023-05-27,307,Electronics,2,25,50
2023-08-05,308,Beauty,4,300,1200
2023-12-23,309,Beauty,1,25,25
2023-10-12,310,Beauty,1,25,25
2023-12-05,311,Beauty,4,25,100
2023-09-07,312,Clothing,4,30,120
2023-03-21,313,Beauty,3,500,1500
2023-04-08,314,Clothing,4,30,120
2023-06-01,315,Clothing,2,30,60
2023-04-22,316,Clothing,2,25,50
2023-01-30,317,Electronics,3,30,90
2023-10-24,318,Clothing,1,25,25
2023-10-05,319,Clothing,1,500,500
2023-02-01,320,Electronics,4,300,1200
2023-06-10,321,Electronics,2,25,50
2023-01-30,322,Electronics,1,500,500
2023-01-26,323,Beauty,3,300,900
2023-10-27,324,Electronics,3,50,150
2023-09-02,325,Electronics,2,25,50
2023-09-15,326,Clothing,3,25,75
2023-09-29,327,Electronics,3,50,150
2023-03-22,328,Beauty,2,50,100
2023-01-30,329,Electronics,4,25,100
2023-09-18,330,Beauty,4,50,200
2023-02-11,331,Electronics,3,30,90
2023-04-06,332,Electronics,4,300,1200
2023-02-05,333,Electronics,4,300,1200
2023-11-01,334,Electronics,3,300,900
2023-02-04,335,Beauty,4,30,120
2023-12-12,336,Beauty,3,50,150
2023-05-01,337,Clothing,1,500,500
2023-07-26,338,Beauty,2,50,100
2023-03-03,339,Electronics,2,25,50
2023-10-19,340,Clothing,4,300,1200
2023-05-07,341,Clothing,4,50,200
2023-10-24,342,Clothing,4,500,2000
2023-11-01,343,Electronics,2,25,50
2023-01-21,344,Beauty,1,30,30
2023-11-14,345,Electronics,1,30,30
2023-02-11,346,Clothing,2,500,1000
2023-08-03,347,Electronics,1,25,25
2023-12-03,348,Electronics,2,300,600
2023-10-26,349,Beauty,1,50,50
2023-10-17,350,Beauty,3,25,75
2023-09-25,351,Clothing,3,30,90
2023-06-11,352,Electronics,2,500,1000
2023-05-14,353,Electronics,1,500,500
2023-04-15,354,Beauty,4,50,200
2023-12-09,355,Electronics,1,500,500
2023-06-10,356,Electronics,3,500,1500
2023-05-03,357,Electronics,3,25,75
2023-05-16,358,Beauty,1,300,300
2023-07-22,359,Clothing,1,50,50
2023-03-09,360,Clothing,4,25,100
2023-12-10,361,Electronics,4,300,1200
2023-11-27,362,Clothing,1,25,25
2023-06-03,363,Beauty,1,25,25
2023-08-23,364,Beauty,1,500,500
2023-06-11,365,Clothing,1,300,300
2023-02-07,366,Clothing,2,50,100
2023-01-05,367,Electronics,1,50,50
2023-08-23,368,Clothing,4,300,1200
2023-11-15,369,Electronics,3,500,1500
2023-10-16,370,Electronics,2,30,60
2023-02-21,371,Beauty,1,25,25
2023-02-07,372,Beauty,3,500,1500
2023-10-03,373,Beauty,2,300,600
2023-04-20,374,Beauty,3,25,75
2023-09-17,375,Clothing,1,50,50
2023-05-16,376,Beauty,1,30,30
2023-03-09,377,Clothing,4,50,200
2023-06-28,378,Beauty,1,300,300
2023-02-05,379,Clothing,1,25,25
2023-05-06,380,Electronics,2,300,600
2023-07-09,381,Clothing,4,25,100
2023-05-26,382,Clothing,2,500,1000
2023-03-22,383,Beauty,3,30,90
2023-08-13,384,Clothing,1,500,500
2023-10-06,385,Electronics,3,500,1500
2023-12-27,386,Electronics,2,300,600
2023-06-04,387,Beauty,1,30,30
2023-11-10,388,Electronics,1,25,25
2023-12-01,389,Clothing,2,25,50
2023-09-28,390,Electronics,2,50,100
2023-01-05,391,Beauty,2,25,50
2023-12-08,392,Clothing,2,300,600
2023-10-11,393,Beauty,2,500,1000
2023-06-03,394,Clothing,1,500,500
2023-12-06,395,Electronics,2,500,1000
2023-02-23,396,Beauty,1,30,30
2023-03-10,397,Beauty,1,25,25
2023-05-16,398,Clothing,2,300,600
2023-03-01,399,Beauty,2,30,60
2023-02-24,400,Clothing,4,50,200
2023-10-11,401,Clothing,1,300,300
2023-03-21,402,Clothing,2,300,600
2023-05-20,403,Clothing,2,300,600
2023-05-25,404,Electronics,2,500,1000
2023-11-06,405,Clothing,4,300,1200
2023-04-18,406,Beauty,4,25,100
2023-06-25,407,Electronics,3,300,900
2023-04-15,408,Beauty,1,500,500
2023-12-18,409,Electronics,3,300,900
2023-11-21,410,Clothing,2,50,100
2023-05-16,411,Electronics,4,50,200
2023-09-16,412,Electronics,4,500,2000
2023-09-08,413,Beauty,3,25,75
2023-05-09,414,Beauty,4,25,100
2023-01-27,415,Clothing,2,30,60
2023-02-17,416,Electronics,4,500,2000
2023-11-21,417,Electronics,3,300,900
2023-08-05,418,Electronics,2,500,1000
2023-05-22,419,Clothing,3,30,90
2023-01-23,420,Clothing,4,500,2000
2023-01-02,421,Clothing,3,500,1500
2023-06-20,422,Clothing,3,30,90
2023-03-08,423,Clothing,1,25,25
2023-11-23,424,Beauty,4,300,1200
2023-05-15,425,Electronics,4,30,120
2023-03-24,426,Electronics,3,50,150
2023-08-15,427,Electronics,1,25,25
2023-10-10,428,Electronics,4,50,200
2023-12-28,429,Electronics,2,25,50
2023-08-07,430,Electronics,3,300,900
2023-10-15,431,Electronics,4,300,1200
2023-01-05,432,Electronics,2,500,1000
2023-02-27,433,Beauty,4,50,200
2023-02-08,434,Electronics,2,25,50
2023-12-20,435,Beauty,3,300,900
2023-03-18,436,Clothing,4,30,120
2023-10-07,437,Electronics,4,300,1200
2023-01-19,438,Clothing,1,30,30
2023-07-09,439,Clothing,3,25,75
2023-10-26,440,Clothing,2,300,600
2023-10-10,441,Beauty,4,300,1200
2023-03-17,442,Clothing,4,25,100
2023-08-09,443,Clothing,2,300,600
2023-03-07,444,Clothing,3,30,90
2023-01-22,445,Electronics,1,300,300
2023-06-07,446,Electronics,1,50,50
2023-07-06,447,Beauty,4,500,2000
2023-01-21,448,Beauty,2,30,60
2023-07-03,449,Electronics,4,50,200
2023-04-18,450,Beauty,2,25,50
2023-12-16,451,Electronics,1,30,30
2023-05-08,452,Clothing,3,500,1500
2023-12-08,453,Clothing,2,500,1000
2023-02-22,454,Beauty,1,25,25
2023-07-01,455,Electronics,4,25,100
2023-10-14,456,Electronics,2,30,60
2023-07-28,457,Beauty,3,300,900
2023-11-14,458,Electronics,4,25,100
2023-03-21,459,Clothing,4,300,1200
2023-05-02,460,Beauty,1,50,50
2023-03-25,461,Beauty,2,500,1000
2023-04-01,462,Electronics,4,300,1200
2023-07-31,463,Beauty,3,500,1500
2023-01-13,464,Electronics,2,300,600
2023-04-02,465,Electronics,3,50,150
2023-06-20,466,Electronics,4,25,100
2023-07-30,467,Electronics,3,50,150
2023-12-09,468,Electronics,1,25,25
2023-05-08,469,Beauty,3,25,75
2023-05-17,470,Clothing,2,500,1000
2023-03-23,471,Clothing,3,50,150
2023-12-26,472,Beauty,3,300,900
2023-02-25,473,Beauty,1,50,50
2023-07-15,474,Clothing,3,500,1500
2023-01-20,475,Clothing,3,25,75
2023-08-29,476,Clothing,4,500,2000
2023-04-24,477,Clothing,4,30,120
2023-04-13,478,Clothing,2,30,60
2023-08-24,479,Electronics,4,300,1200
2023-06-29,480,Beauty,4,500,2000
2023-06-06,481,Electronics,4,300,1200
2023-04-27,482,Clothing,4,300,1200
2023-04-25,483,Clothing,1,30,30
2023-01-13,484,Clothing,4,300,1200
2023-12-04,485,Electronics,1,30,30
2023-04-09,486,Electronics,1,25,25
2023-07-24,487,Clothing,4,500,2000
2023-06-18,488,Electronics,3,300,900
2023-05-23,489,Electronics,1,30,30
2023-02-05,490,Clothing,3,50,150
2023-05-23,491,Electronics,3,300,900
2023-06-29,492,Beauty,4,25,100
2023-11-25,493,Beauty,2,25,50
2023-09-18,494,Beauty,4,50,200
2023-07-24,495,Beauty,2,30,60
2023-12-14,496,Clothing,2,300,600
2023-10-02,497,Clothing,4,30,120
2023-06-19,498,Clothing,4,25,100
2023-01-15,499,Beauty,2,30,60
2023-03-01,500,Beauty,4,25,100
2023-05-14,501,Electronics,2,30,60
2023-04-02,502,Electronics,3,50,150
2023-10-25,503,Beauty,4,500,2000
2023-05-16,504,Beauty,3,50,150
2023-01-20,505,Beauty,1,50,50
2023-02-25,506,Beauty,3,500,1500
2023-11-02,507,Electronics,3,500,1500
2023-08-11,508,Beauty,2,300,600
2023-06-26,509,Electronics,3,300,900
2023-06-10,510,Beauty,4,50,200
2023-08-12,511,Beauty,2,50,100
2023-11-07,512,Beauty,1,25,25
2023-09-19,513,Electronics,4,25,100
2023-03-01,514,Electronics,1,300,300
2023-07-17,515,Clothing,3,300,900
2023-10-23,516,Beauty,4,25,100
2023-04-08,517,Clothing,4,25,100
2023-05-11,518,Clothing,1,30,30
2023-01-23,519,Electronics,4,30,120
2023-12-29,520,Electronics,4,25,100
2023-08-12,521,Clothing,4,30,120
2023-01-01,522,Beauty,3,500,1500
2023-09-24,523,Electronics,1,300,300
2023-10-03,524,Beauty,4,300,1200
2023-12-18,525,Beauty,2,25,50
2023-12-10,526,Clothing,2,50,100
2023-04-11,527,Clothing,2,25,50
2023-07-06,528,Clothing,2,30,60
2023-08-09,529,Clothing,3,50,150
2023-02-05,530,Electronics,4,30,120
2023-12-07,531,Electronics,1,500,500
2023-06-19,532,Clothing,4,30,120
2023-11-16,533,Electronics,3,500,1500
2023-06-10,534,Clothing,2,500,1000
2023-12-06,535,Beauty,3,30,90
2023-03-05,536,Beauty,4,30,120
2023-06-03,537,Beauty,1,500,500
2023-09-17,538,Clothing,3,50,150
2023-06-08,539,Beauty,1,500,500
2023-12-08,540,Electronics,3,300,900
2023-07-29,541,Beauty,1,500,500
2023-06-17,542,Beauty,1,50,50
2023-07-26,543,Beauty,2,300,600
2023-12-23,544,Electronics,1,25,25
2023-06-01,545,Clothing,2,25,50
2023-10-11,546,Electronics,4,50,200
2023-03-07,547,Clothing,4,500,2000
2023-04-09,548,Clothing,2,30,60
2023-08-04,549,Beauty,2,50,100
2023-12-07,550,Clothing,3,300,900
2023-07-14,551,Electronics,3,300,900
2023-12-13,552,Electronics,3,25,75
2023-03-31,553,Clothing,4,300,1200
2023-11-12,554,Beauty,3,50,150
2023-10-19,555,Beauty,1,300,300
2023-06-04,556,Electronics,1,50,50
2023-07-27,557,Beauty,3,30,90
2023-10-08,558,Clothing,1,25,25
2023-01-01,559,Clothing,4,300,1200
2023-06-05,560,Electronics,1,50,50
2023-05-27,561,Clothing,4,500,2000
2023-04-18,562,Electronics,2,25,50
2023-08-09,563,Clothing,2,30,60
2023-10-24,564,Electronics,2,50,100
2023-11-07,565,Beauty,2,30,60
2023-12-02,566,Clothing,1,30,30
2023-06-14,567,Clothing,3,300,900
2023-08-27,568,Electronics,1,300,300
2023-08-15,569,Electronics,4,50,200
2023-08-15,570,Clothing,1,500,500
2023-12-12,571,Electronics,1,50,50
2023-04-20,572,Clothing,4,500,2000
2023-09-19,573,Beauty,2,30,60
2023-08-31,574,Electronics,2,25,50
2023-03-28,575,Clothing,2,50,100
2023-12-04,576,Beauty,3,50,150
2023-02-13,577,Beauty,4,500,2000
2023-05-26,578,Clothing,4,30,120
2023-09-21,579,Electronics,1,30,30
2023-12-06,580,Clothing,3,500,1500
2023-11-21,581,Beauty,2,30,60
2023-11-14,582,Clothing,3,300,900
2023-06-21,583,Electronics,4,25,100
2023-02-17,584,Beauty,4,50,200
2023-05-01,585,Clothing,1,25,25
2023-12-11,586,Electronics,1,50,50
2023-06-08,587,Beauty,4,300,1200
2023-04-26,588,Electronics,2,30,60
2023-04-12,589,Beauty,2,500,1000
2023-03-17,590,Clothing,3,300,900
2023-01-13,591,Electronics,4,25,100
2023-01-24,592,Beauty,4,500,2000
2023-05-06,593,Electronics,2,30,60
2023-09-01,594,Electronics,2,300,600
2023-11-09,595,Clothing,4,500,2000
2023-02-07,596,Electronics,1,300,300
2023-08-22,597,Beauty,4,300,1200
2023-08-01,598,Beauty,4,30,120
2023-11-19,599,Beauty,2,50,100
2023-10-22,600,Beauty,2,500,1000
2023-04-10,601,Clothing,1,30,30
2023-12-23,602,Electronics,1,300,300
2023-07-16,603,Clothing,3,30,90
2023-09-11,604,Electronics,4,50,200
2023-07-24,605,Electronics,2,500,1000
2023-05-05,606,Electronics,1,50,50
2023-03-17,607,Clothing,3,25,75
2023-12-02,608,Electronics,3,500,1500
2023-12-19,609,Clothing,2,50,100
2023-01-03,610,Beauty,2,300,600
2023-02-24,611,Beauty,3,500,1500
2023-08-06,612,Electronics,1,500,500
2023-04-23,613,Clothing,3,30,90
2023-04-01,614,Beauty,4,300,1200
2023-12-23,615,Clothing,4,25,100
2023-09-23,616,Clothing,2,50,100
2023-08-26,617,Electronics,1,30,30
2023-01-26,618,Beauty,1,50,50
2023-10-13,619,Electronics,4,25,100
2023-05-08,620,Electronics,3,25,75
2023-03-04,621,Beauty,2,500,1000
2023-08-22,622,Beauty,3,25,75
2023-03-10,623,Clothing,3,50,150
2023-08-26,624,Beauty,3,300,900
2023-12-08,625,Clothing,1,300,300
2023-09-29,626,Clothing,4,500,2000
2023-10-14,627,Clothing,1,50,50
2023-11-01,628,Beauty,4,50,200
2023-06-12,629,Electronics,2,25,50
2023-08-15,630,Clothing,2,50,100
2023-11-10,631,Electronics,3,30,90
2023-09-16,632,Electronics,4,25,100
2023-08-07,633,Beauty,4,30,120
2023-10-08,634,Electronics,4,500,2000
2023-08-17,635,Electronics,3,300,900
2023-03-23,636,Beauty,3,500,1500
2023-09-01,637,Clothing,2,300,600
2023-08-19,638,Electronics,1,500,500
2023-05-13,639,Beauty,4,50,200
2023-05-07,640,Electronics,4,30,120
2023-11-23,641,Electronics,1,300,300
2023-05-22,642,Clothing,4,25,100
2023-09-24,643,Electronics,3,30,90
2023-09-06,644,Beauty,3,25,75
2023-11-17,645,Electronics,4,30,120
2023-05-03,646,Clothing,3,30,90
2023-05-21,647,Clothing,3,500,1500
2023-08-14,648,Beauty,4,300,1200
2023-02-09,649,Clothing,2,300,600
2024-01-01,650,Electronics,1,30,30
2023-05-27,651,Clothing,3,50,150
2023-05-01,652,Beauty,2,50,100
2023-05-20,653,Clothing,3,25,75
2023-06-21,654,Clothing,3,25,75
2023-06-13,655,Clothing,1,500,500
2023-10-04,656,Beauty,3,30,90
2023-02-11,657,Clothing,1,25,25
2023-03-12,658,Clothing,1,25,25
2023-03-19,659,Electronics,1,30,30
2023-04-29,660,Beauty,2,500,1000
2023-07-16,661,Clothing,4,25,100
2023-12-22,662,Beauty,2,500,1000
2023-03-20,663,Clothing,4,300,1200
2023-12-28,664,Clothing,4,500,2000
2023-04-20,665,Clothing,1,50,50
2023-02-02,666,Electronics,3,50,150
2023-08-01,667,Electronics,1,500,500
2023-07-28,668,Electronics,3,50,150
2023-06-19,669,Beauty,4,300,1200
2023-10-05,670,Beauty,1,30,30
2023-08-27,671,Electronics,3,50,150
2023-08-01,672,Beauty,2,50,100
2023-02-01,673,Clothing,3,500,1500
2023-04-16,674,Clothing,1,300,300
2023-08-04,675,Clothing,2,30,60
2023-07-19,676,Electronics,3,500,1500
2023-10-27,677,Beauty,3,500,1500
2023-12-23,678,Electronics,3,300,900
2023-01-11,679,Beauty,3,30,90
2023-10-22,680,Clothing,3,300,900
2023-07-14,681,Electronics,2,30,60
2023-09-02,682,Beauty,4,300,1200
2023-01-04,683,Beauty,2,500,1000
2023-06-30,684,Clothing,2,500,1000
2023-06-02,685,Electronics,2,25,50
2023-07-19,686,Electronics,4,50,200
2023-08-03,687,Electronics,1,300,300
2023-10-03,688,Clothing,4,25,100
2023-10-07,689,Electronics,2,50,100
2023-11-05,690,Clothing,3,300,900
2023-04-23,691,Clothing,3,30,90
2023-09-07,692,Clothing,2,50,100
2023-04-23,693,Beauty,3,500,1500
2023-05-20,694,Electronics,2,25,50
2023-08-12,695,Electronics,3,50,150
2023-09-06,696,Clothing,4,50,200
2023-01-15,697,Clothing,1,500,500
2023-07-19,698,Electronics,1,300,300
2023-06-22,699,Clothing,4,30,120
2023-12-09,700,Electronics,4,500,2000
2023-12-14,701,Beauty,2,30,60
2023-07-27,702,Clothing,2,300,600
2023-03-26,703,Electronics,2,50,100
2023-08-28,704,Clothing,3,30,90
2023-03-07,705,Electronics,2,25,50
2023-11-15,706,Electronics,4,25,100
2023-10-01,707,Clothing,1,500,500
2023-01-14,708,Beauty,3,300,900
2023-07-21,709,Electronics,2,500,1000
2023-10-31,710,Electronics,3,500,1500
2023-10-16,711,Electronics,3,500,1500
2023-12-06,712,Beauty,2,25,50
2023-01-14,713,Beauty,3,25,75
2023-02-12,714,Clothing,1,500,500
2023-11-26,715,Beauty,4,25,100
2023-08-08,716,Clothing,4,300,1200
2023-03-11,717,Clothing,1,500,500
2023-08-25,718,Beauty,3,25,75
2023-04-04,719,Clothing,2,30,60
2023-01-26,720,Beauty,3,500,1500
2023-05-14,721,Clothing,1,500,500
2023-07-14,722,Beauty,3,300,900
2023-06-17,723,Beauty,4,50,200
2023-04-19,724,Clothing,3,50,150
2023-08-21,725,Electronics,1,300,300
2023-06-17,726,Clothing,4,300,1200
2023-06-22,727,Beauty,3,300,900
2023-07-14,728,Electronics,3,50,150
2023-05-23,729,Clothing,4,300,1200
2023-08-04,730,Clothing,2,25,50
2023-05-10,731,Clothing,4,500,2000
2023-02-11,732,Electronics,2,500,1000
2023-08-29,733,Beauty,1,30,30
2023-01-10,734,Clothing,1,30,30
2023-10-04,735,Clothing,4,500,2000
2023-01-27,736,Clothing,4,25,100
2023-06-29,737,Clothing,1,50,50
2023-04-25,738,Clothing,2,50,100
2023-11-29,739,Beauty,1,25,25
2023-02-05,740,Beauty,4,50,200
2023-11-30,741,Clothing,1,300,300
2023-01-21,742,Electronics,4,500,2000
2023-01-16,743,Beauty,4,500,2000
2023-05-07,744,Electronics,1,25,25
2023-04-13,745,Beauty,2,50,100
2023-01-11,746,Clothing,3,30,90
2023-11-15,747,Beauty,1,30,30
2023-03-20,748,Clothing,3,50,150
2023-05-03,749,Beauty,1,30,30
2023-03-06,750,Clothing,3,25,75
2023-08-31,751,Clothing,2,25,50
2023-12-09,752,Clothing,2,50,100
2023-02-28,753,Clothing,1,30,30
2023-10-16,754,Electronics,4,25,100
2023-04-22,755,Clothing,3,25,75
2023-08-27,756,Electronics,4,300,1200
2023-12-25,757,Electronics,4,300,1200
2023-05-12,758,Clothing,4,25,100
2023-07-08,759,Electronics,2,50,100
2023-03-27,760,Beauty,1,500,500
2023-11-07,761,Clothing,1,500,500
2023-11-07,762,Electronics,2,25,50
2023-02-28,763,Clothing,2,25,50
2023-03-25,764,Clothing,1,25,25
2023-06-09,765,Clothing,4,50,200
2023-02-25,766,Electronics,3,300,900
2023-10-24,767,Beauty,3,25,75
2023-01-14,768,Beauty,3,25,75
2023-06-09,769,Electronics,4,30,120
2023-10-22,770,Clothing,1,50,50
2023-12-13,771,Electronics,2,25,50
2023-07-12,772,Electronics,1,30,30
2023-07-23,773,Electronics,4,500,2000
2023-04-12,774,Clothing,2,25,50
2023-02-08,775,Electronics,4,25,100
2023-10-31,776,Clothing,3,30,90
2023-12-20,777,Electronics,3,50,150
2023-11-18,778,Beauty,4,25,100
2023-05-05,779,Electronics,2,500,1000
2023-02-22,780,Electronics,2,25,50
2023-12-23,781,Beauty,1,500,500
2023-06-04,782,Clothing,3,300,900
2023-12-17,783,Clothing,1,300,300
2023-11-04,784,Electronics,1,500,500
2023-03-03,785,Beauty,4,50,200
2023-10-17,786,Clothing,4,25,100
2023-01-22,787,Electronics,1,25,25
2023-06-27,788,Beauty,3,300,900
2023-09-30,789,Clothing,4,500,2000
2023-08-08,790,Clothing,1,25,25
2023-12-05,791,Beauty,1,25,25
2023-07-09,792,Beauty,1,50,50
2023-02-05,793,Beauty,1,30,30
2023-09-17,794,Beauty,1,300,300
2023-11-28,795,Electronics,1,300,300
2023-06-24,796,Beauty,4,30,120
2023-01-07,797,Clothing,3,25,75
2023-08-04,798,Clothing,1,50,50
2023-09-08,799,Electronics,2,50,100
2023-02-24,800,Clothing,4,300,1200
2023-08-10,801,Clothing,4,50,200
2023-07-05,802,Beauty,1,30,30
2023-11-22,803,Clothing,4,25,100
2023-08-24,804,Electronics,1,30,30
2023-12-29,805,Beauty,3,500,1500
2023-03-20,806,Beauty,3,300,900
2023-08-11,807,Electronics,4,50,200
2023-04-01,808,Beauty,4,500,2000
2023-09-25,809,Beauty,2,50,100
2023-11-30,810,Electronics,4,25,100
2023-05-19,811,Beauty,2,25,50
2023-11-12,812,Electronics,3,25,75
2023-10-03,813,Electronics,3,50,150
2023-09-05,814,Clothing,1,500,500
2023-08-27,815,Clothing,3,25,75
2023-08-12,816,Beauty,2,500,1000
2023-10-31,817,Beauty,4,50,200
2023-05-18,818,Electronics,1,500,500
2023-06-15,819,Beauty,2,50,100
2023-05-06,820,Electronics,4,50,200
2023-02-14,821,Electronics,1,300,300
2023-05-23,822,Beauty,3,50,150
2023-08-19,823,Electronics,2,50,100
2023-05-05,824,Clothing,4,30,120
2023-08-26,825,Beauty,1,25,25
2023-10-19,826,Clothing,1,300,300
2023-11-09,827,Beauty,3,300,900
2023-12-09,828,Electronics,4,300,1200
2023-07-14,829,Beauty,3,30,90
2023-06-22,830,Clothing,3,50,150
2023-01-15,831,Electronics,4,25,100
2023-09-11,832,Beauty,4,500,2000
2023-06-16,833,Beauty,4,50,200
2023-04-04,834,Beauty,2,30,60
2023-09-07,835,Clothing,4,50,200
2023-04-19,836,Clothing,1,50,50
2023-07-01,837,Beauty,3,30,90
2023-05-13,838,Electronics,2,300,600
2023-06-24,839,Electronics,4,300,1200
2023-05-24,840,Clothing,2,25,50
2023-11-02,841,Electronics,4,25,100
2023-12-26,842,Clothing,2,300,600
2023-05-22,843,Beauty,3,500,1500
2023-10-12,844,Clothing,3,50,150
2023-01-06,845,Clothing,1,500,500
2023-09-22,846,Beauty,1,50,50
2023-04-08,847,Electronics,4,300,1200
2023-02-13,848,Clothing,3,25,75
2023-05-04,849,Clothing,2,25,50
2023-07-28,850,Beauty,2,500,1000
2023-09-08,851,Electronics,2,25,50
2023-10-12,852,Clothing,1,300,300
2023-05-04,853,Beauty,2,500,1000
2023-12-20,854,Clothing,1,50,50
2023-09-01,855,Beauty,1,25,25
2023-11-27,856,Electronics,4,30,120
2023-12-31,857,Electronics,2,25,50
2023-09-09,858,Electronics,2,50,100
2023-08-18,859,Electronics,3,500,1500
2023-01-09,860,Clothing,4,50,200
2023-02-17,861,Clothing,3,30,90
2023-05-31,862,Electronics,4,300,1200
2023-04-24,863,Electronics,2,25,50
2023-07-27,864,Electronics,1,500,500
2023-12-21,865,Clothing,1,300,300
2023-05-05,866,Electronics,1,50,50
2023-06-06,867,Electronics,1,500,500
2023-12-06,868,Electronics,1,300,300
2023-10-25,869,Beauty,3,500,1500
2023-07-08,870,Electronics,4,30,120
2023-08-31,871,Beauty,2,30,60
2023-10-11,872,Beauty,3,25,75
2023-09-29,873,Electronics,4,25,100
2023-06-26,874,Beauty,1,30,30
2023-08-06,875,Electronics,4,500,2000
2023-10-09,876,Clothing,4,30,120
2023-06-19,877,Clothing,1,25,25
2023-06-30,878,Clothing,1,30,30
2023-12-26,879,Clothing,1,30,30
2023-08-21,880,Beauty,2,500,1000
2023-05-19,881,Electronics,1,300,300
2023-06-06,882,Electronics,2,25,50
2023-05-09,883,Electronics,1,500,500
2023-04-29,884,Clothing,2,30,60
2023-03-03,885,Clothing,4,30,120
2023-04-09,886,Electronics,3,300,900
2023-06-11,887,Clothing,4,25,100
2023-03-03,888,Electronics,4,25,100
2023-10-02,889,Electronics,1,50,50
2023-12-20,890,Electronics,2,25,50
2023-04-05,891,Electronics,3,300,900
2023-04-09,892,Electronics,1,50,50
2023-04-21,893,Electronics,1,50,50
2023-09-05,894,Electronics,1,30,30
2023-05-22,895,Clothing,4,30,120
2023-10-29,896,Electronics,2,25,50
2023-09-26,897,Electronics,2,50,100
2023-11-02,898,Clothing,3,30,90
2023-05-25,899,Clothing,2,300,600
2023-02-21,900,Clothing,2,30,60
2023-04-10,901,Electronics,1,30,30
2023-06-01,902,Beauty,1,50,50
2023-04-27,903,Beauty,4,50,200
2023-07-04,904,Clothing,1,500,500
2023-04-02,905,Beauty,1,300,300
2023-06-04,906,Clothing,1,50,50
2023-01-08,907,Electronics,1,25,25
2023-12-29,908,Beauty,4,300,1200
2023-10-01,909,Electronics,1,300,300
2023-03-06,910,Beauty,3,50,150
2023-05-21,911,Electronics,3,300,900
2023-01-24,912,Beauty,3,50,150
2023-01-28,913,Electronics,3,30,90
2023-10-11,914,Electronics,1,500,500
2023-05-30,915,Beauty,3,30,90
2023-12-24,916,Electronics,1,50,50
2023-03-06,917,Electronics,4,50,200
2023-11-23,918,Electronics,3,30,90
2023-09-09,919,Beauty,2,25,50
2023-02-22,920,Beauty,3,25,75
2023-01-07,921,Electronics,3,25,75
2023-10-21,922,Electronics,1,50,50
2023-05-26,923,Beauty,3,300,900
2023-08-29,924,Beauty,2,50,100
2023-09-03,925,Electronics,1,300,300
2023-08-14,926,Electronics,1,30,30
2023-06-24,927,Electronics,4,500,2000
2023-04-05,928,Clothing,4,300,1200
2023-01-27,929,Beauty,3,25,75
2023-05-10,930,Clothing,4,50,200
2023-09-02,931,Beauty,4,30,120
2023-02-28,932,Beauty,4,25,100
2023-02-03,933,Beauty,1,30,30
2023-07-25,934,Beauty,1,500,500
2023-09-09,935,Beauty,1,50,50
2023-02-07,936,Beauty,4,50,200
2023-10-23,937,Beauty,1,500,500
2023-11-19,938,Clothing,4,50,200
2023-12-18,939,Electronics,1,300,300
2023-01-28,940,Electronics,1,30,30
2023-03-19,941,Clothing,2,25,50
2023-03-18,942,Clothing,3,500,1500
2023-10-16,943,Clothing,4,300,1200
2023-06-05,944,Clothing,2,25,50
2023-02-13,945,Beauty,1,25,25
2023-05-08,946,Electronics,4,500,2000
2023-03-02,947,Beauty,1,300,300
2023-10-13,948,Electronics,3,25,75
2023-08-02,949,Electronics,2,25,50
2023-11-07,950,Clothing,3,300,900
2023-11-02,951,Beauty,2,50,100
2023-11-13,952,Clothing,1,25,25
2023-04-26,953,Beauty,3,30,90
2023-09-25,954,Electronics,3,300,900
2023-07-14,955,Clothing,1,25,25
2023-08-19,956,Clothing,3,500,1500
2023-08-15,957,Electronics,4,30,120
2023-06-02,958,Electronics,2,25,50
2023-10-29,959,Electronics,2,30,60
2023-08-08,960,Clothing,2,30,60
2023-06-06,961,Beauty,4,50,200
2023-10-19,962,Clothing,2,30,60
2023-11-14,963,Beauty,1,50,50
2023-01-31,964,Clothing,3,300,900
2023-11-09,965,Clothing,4,50,200
2023-02-20,966,Electronics,2,500,1000
2023-04-17,967,Beauty,1,25,25
2023-11-17,968,Clothing,3,300,900
2023-04-19,969,Clothing,3,300,900
2023-05-16,970,Electronics,4,500,2000
2023-12-05,971,Electronics,4,50,200
2023-02-11,972,Beauty,4,25,100
2023-03-22,973,Clothing,1,50,50
2023-05-03,974,Beauty,1,30,30
2023-03-30,975,Clothing,4,50,200
2023-10-10,976,Beauty,2,300,600
2023-02-08,977,Electronics,3,25,75
2023-03-22,978,Clothing,3,50,150
2023-01-02,979,Beauty,1,25,25
2023-07-29,980,Electronics,3,25,75
2023-08-19,981,Electronics,2,30,60
2023-12-19,982,Beauty,3,30,90
2023-11-01,983,Clothing,1,300,300
2023-08-29,984,Clothing,1,500,500
2023-05-30,985,Electronics,2,25,50
2023-01-17,986,Clothing,2,500,1000
2023-04-29,987,Clothing,3,300,900
2023-05-28,988,Clothing,3,25,75
2023-12-28,989,Electronics,1,25,25
2023-05-25,990,Beauty,2,500,1000
2023-12-26,991,Clothing,2,50,100
2023-08-21,992,Electronics,2,30,60
2023-02-06,993,Electronics,3,50,150
2023-12-18,994,Beauty,2,500,1000
2023-04-30,995,Clothing,1,30,30
2023-05-16,996,Clothing,1,50,50
2023-11-17,997,Beauty,3,30,90
2023-10-29,998,Beauty,4,25,100
2023-12-05,999,Electronics,3,50,150
2023-04-12,1000,Electronics,4,30,120
